Country,Year,Richest decile
Albania,1996,13.165277
Albania,2002,13.990819
Albania,2005,15.439751
Albania,2008,16.448864
Albania,2012,16.015562
Albania,2014,19.057009
Albania,2015,22.41005
Albania,2016,23.151937
Albania,2017,22.721241
Albania,2018,23.323376
Albania,2019,23.891638
Albania,2020,24.124557
Algeria,1988,12.611843
Algeria,1995,13.118017
Algeria,2011,15.061596
Angola,2000,14.524869
Angola,2008,12.581649
Angola,2018,10.726662
Argentina (urban),1980,63.531464
Argentina (urban),1986,69.760124
Argentina (urban),1987,63.922794
Argentina (urban),1991,43.74522
Argentina (urban),1992,47.278847
Argentina (urban),1993,46.741997
Argentina (urban),1994,45.82567
Argentina (urban),1995,46.721615
Argentina (urban),1996,44.761135
Argentina (urban),1997,48.215958
Argentina (urban),1998,45.85428
Argentina (urban),1999,44.251225
Argentina (urban),2000,43.739876
Argentina (urban),2001,41.605267
Argentina (urban),2002,28.039747
Argentina (urban),2003,38.85105
Argentina (urban),2004,42.349556
Argentina (urban),2005,45.3956
Argentina (urban),2006,49.43101
Argentina (urban),2007,51.40381
Argentina (urban),2008,52.035183
Argentina (urban),2009,53.50233
Argentina (urban),2010,54.97873
Argentina (urban),2011,58.4956
Argentina (urban),2012,56.906708
Argentina (urban),2013,57.069847
Argentina (urban),2014,53.821693
Argentina (urban),2016,55.528893
Argentina (urban),2017,57.696587
Argentina (urban),2018,51.997528
Argentina (urban),2019,51.33967
Argentina (urban),2020,45.52939
Argentina (urban),2021,47.595097
Argentina (urban),2022,45.62804
Argentina (urban),2023,45.91343
Armenia,1999,8.69725
Armenia,2001,8.641382
Armenia,2002,8.811046
Armenia,2003,8.383037
Armenia,2004,10.914464
Armenia,2005,11.7621155
Armenia,2006,11.215442
Armenia,2007,13.113267
Armenia,2008,13.02389
Armenia,2009,11.643596
Armenia,2010,11.756452
Armenia,2011,11.974553
Armenia,2012,12.25316
Armenia,2013,13.110034
Armenia,2014,13.162641
Armenia,2015,13.632317
Armenia,2016,15.070867
Armenia,2017,14.079189
Armenia,2018,14.014488
Armenia,2019,12.6044
Armenia,2020,11.749026
Armenia,2021,12.5494
Armenia,2022,12.352581
Armenia,2023,12.153171
Australia,1981,69.17986
Australia,1985,72.509155
Australia,1989,74.388245
Australia,1995,67.8484
Australia,2001,78.31301
Australia,2003,80.82928
Australia,2004,86.8101
Australia,2008,108.190636
Australia,2010,108.48943
Australia,2014,114.77454
Australia,2016,111.896866
Australia,2018,113.455864
Austria,1994,90.654015
Austria,1995,87.32053
Austria,1996,83.47641
Austria,1997,84.35924
Austria,1998,87.93193
Austria,1999,89.87943
Austria,2000,87.040955
Austria,2003,91.0866
Austria,2004,96.44563
Austria,2005,91.25365
Austria,2006,93.574554
Austria,2007,100.82802
Austria,2008,99.71167
Austria,2009,104.00896
Austria,2010,105.183205
Austria,2011,104.46668
Austria,2012,101.59165
Austria,2013,104.95848
Austria,2014,102.631195
Austria,2015,102.095604
Austria,2016,107.75263
Austria,2017,106.45963
Austria,2018,108.52104
Austria,2019,111.39988
Austria,2020,110.58891
Austria,2021,109.55219
Austria,2022,111.46835
Azerbaijan,1995,9.236233
Azerbaijan,2001,11.448581
Azerbaijan,2002,12.587261
Azerbaijan,2003,13.265846
Azerbaijan,2004,13.477794
Azerbaijan,2005,15.25791
Bangladesh,1983,4.3220572
Bangladesh,1985,4.7728105
Bangladesh,1988,4.471216
Bangladesh,1991,4.346939
Bangladesh,1995,5.578405
Bangladesh,2000,5.997541
Bangladesh,2005,6.5968065
Bangladesh,2010,7.0337996
Bangladesh,2016,7.6151366
Bangladesh,2022,10.261563
Barbados,2016,31.210985
Belarus,1998,6.840415
Belarus,1999,7.274806
Belarus,2000,7.94933
Belarus,2001,9.704347
Belarus,2002,10.693279
Belarus,2003,10.983997
Belarus,2004,11.956805
Belarus,2005,14.771553
Belarus,2006,17.269833
Belarus,2007,20.224688
Belarus,2008,20.153849
Belarus,2009,20.491518
Belarus,2010,23.601889
Belarus,2011,23.581158
Belarus,2012,25.998653
Belarus,2013,28.67201
Belarus,2014,30.06742
Belarus,2015,27.117321
Belarus,2016,25.676302
Belarus,2017,26.766125
Belarus,2018,28.718405
Belarus,2019,30.146832
Belarus,2020,29.774506
Belgium,1985,54.66183
Belgium,1988,56.905437
Belgium,1992,61.54173
Belgium,1995,75.41857
Belgium,1997,75.3531
Belgium,2000,81.53028
Belgium,2003,80.55734
Belgium,2004,82.052
Belgium,2005,83.947495
Belgium,2006,84.34349
Belgium,2007,86.32532
Belgium,2008,86.99912
Belgium,2009,87.789116
Belgium,2010,87.219475
Belgium,2011,85.90087
Belgium,2012,87.75421
Belgium,2013,87.93731
Belgium,2014,88.39358
Belgium,2015,89.72519
Belgium,2016,88.60509
Belgium,2017,89.483215
Belgium,2018,90.039635
Belgium,2019,93.187035
Belgium,2020,91.95496
Belgium,2021,95.44205
Belgium,2022,91.100075
Belize,1995,27.532404
Belize,2018,32.03138
Benin,2003,4.9649873
Benin,2011,5.971813
Benin,2015,5.615825
Benin,2018,8.43483
Benin,2021,8.765958
Bhutan,2003,11.332927
Bhutan,2007,13.5446825
Bhutan,2012,18.125038
Bhutan,2017,20.932055
Bhutan,2022,26.217503
Bolivia,1997,28.4199
Bolivia,1999,27.24415
Bolivia,2000,23.61647
Bolivia,2001,24.058714
Bolivia,2002,23.572994
Bolivia,2004,26.964169
Bolivia,2005,30.436922
Bolivia,2006,32.324715
Bolivia,2007,31.902514
Bolivia,2008,32.555077
Bolivia,2009,33.283947
Bolivia,2011,37.303154
Bolivia,2012,38.562115
Bolivia,2013,42.00721
Bolivia,2014,40.963123
Bolivia,2015,39.368202
Bolivia,2016,38.356403
Bolivia,2017,39.089935
Bolivia,2018,37.44213
Bolivia,2019,38.460224
Bolivia,2020,39.211758
Bolivia,2021,38.34417
Bolivia,2022,37.416306
Bolivia,2023,40.171604
Bolivia (urban),1990,22.088057
Bolivia (urban),1992,18.324963
Bosnia and Herzegovina,2001,21.054909
Bosnia and Herzegovina,2004,37.09129
Bosnia and Herzegovina,2007,40.03779
Bosnia and Herzegovina,2011,37.91144
Botswana,1985,9.406811
Botswana,1993,11.580503
Botswana,2002,20.13394
Botswana,2009,20.346926
Botswana,2015,21.255672
Brazil,1981,18.15453
Brazil,1982,18.86991
Brazil,1983,16.145912
Brazil,1984,15.711492
Brazil,1985,17.381662
Brazil,1986,29.427166
Brazil,1987,23.096336
Brazil,1988,23.146252
Brazil,1989,26.601072
Brazil,1990,21.269596
Brazil,1992,16.924067
Brazil,1993,20.416601
Brazil,1995,28.411394
Brazil,1996,27.933817
Brazil,1997,27.80175
Brazil,1998,28.480412
Brazil,1999,26.804379
Brazil,2001,30.08306
Brazil,2002,30.298405
Brazil,2003,28.850922
Brazil,2004,28.717209
Brazil,2005,29.592299
Brazil,2006,31.780924
Brazil,2007,32.627674
Brazil,2008,34.305042
Brazil,2009,35.1018
Brazil,2011,36.97607
Brazil,2012,39.41227
Brazil,2013,41.67324
Brazil,2014,42.52251
Brazil,2015,41.369083
Brazil,2016,41.662148
Brazil,2017,41.245007
Brazil,2018,42.83907
Brazil,2019,42.536877
Brazil,2020,40.528976
Brazil,2021,39.217445
Brazil,2022,43.253197
Brazil,2023,45.400352
Bulgaria,1992,35.996826
Bulgaria,2006,19.366758
Bulgaria,2007,28.379164
Bulgaria,2008,31.276928
Bulgaria,2009,31.810268
Bulgaria,2010,30.981049
Bulgaria,2011,27.747252
Bulgaria,2012,29.661518
Bulgaria,2013,33.886787
Bulgaria,2014,35.903248
Bulgaria,2015,35.318592
Bulgaria,2016,40.075924
Bulgaria,2017,39.622902
Bulgaria,2018,46.3105
Bulgaria,2019,49.201653
Bulgaria,2020,54.26987
Bulgaria,2021,56.922733
Bulgaria,2022,57.078117
Burkina Faso,1994,3.1004841
Burkina Faso,1998,3.4702537
Burkina Faso,2003,5.3641996
Burkina Faso,2009,5.112266
Burkina Faso,2014,5.7517405
Burkina Faso,2018,7.969147
Burkina Faso,2021,7.5222816
Burundi,1992,3.1682885
Burundi,1998,2.9383936
Burundi,2006,3.580059
Burundi,2013,4.225992
Burundi,2020,4.218773
Cameroon,1996,6.5800624
Cameroon,2001,8.643533
Cameroon,2007,8.6465
Cameroon,2014,11.778578
Cameroon,2021,10.726825
Canada,1971,62.13948
Canada,1973,67.33169
Canada,1975,74.13021
Canada,1977,78.28514
Canada,1979,80.99391
Canada,1981,84.07518
Canada,1982,82.91058
Canada,1984,82.33149
Canada,1985,83.066284
Canada,1986,82.134315
Canada,1987,83.811714
Canada,1988,84.813156
Canada,1989,86.33372
Canada,1990,85.9638
Canada,1991,84.23829
Canada,1992,85.626526
Canada,1993,82.27251
Canada,1994,84.37007
Canada,1995,83.798485
Canada,1996,79.70866
Canada,1997,80.15396
Canada,1998,82.90938
Canada,1999,86.1021
Canada,2000,87.6586
Canada,2001,91.96242
Canada,2002,92.994514
Canada,2003,92.93651
Canada,2004,94.9844
Canada,2005,97.42022
Canada,2006,100.091774
Canada,2007,104.203285
Canada,2008,106.36948
Canada,2009,107.57056
Canada,2010,106.24497
Canada,2011,106.08364
Canada,2012,109.53462
Canada,2013,112.0667
Canada,2014,110.60577
Canada,2015,113.45823
Canada,2016,110.298
Canada,2017,115.22878
Canada,2018,114.972824
Canada,2019,112.493744
Canada,2020,116.544174
Cape Verde,2001,14.969175
Cape Verde,2007,16.585173
Cape Verde,2015,19.419222
Central African Republic,1992,3.3541455
Central African Republic,2008,5.710151
Central African Republic,2021,4.3874135
Chad,2003,4.6861253
Chad,2011,7.5122533
Chad,2018,6.996469
Chad,2022,7.2105765
Chile,1987,21.040228
Chile,1990,24.173405
Chile,1992,24.327469
Chile,1994,28.55764
Chile,1996,30.625221
Chile,1998,33.214085
Chile,2000,27.844643
Chile,2003,26.92571
Chile,2006,31.021372
Chile,2009,33.54354
Chile,2011,36.426064
Chile,2013,43.644474
Chile,2015,45.590733
Chile,2017,48.759125
Chile,2020,52.94474
Chile,2022,54.887653
China,1981,2.0432045
China,1984,2.586372
China,1987,3.2585754
China,1990,3.2777371
China,1993,3.8996785
China,1996,5.092712
China,1999,5.8843412
China,2002,7.6655602
China,2005,9.812397
China,2008,12.219951
China,2010,14.374528
China,2011,15.236526
China,2012,16.680988
China,2013,18.531036
China,2014,19.940954
China,2015,21.155787
China,2016,22.604458
China,2017,23.969051
China,2018,25.474648
China,2019,26.715385
China,2020,24.755219
China,2021,27.720957
China (rural),1981,1.5783095
China (rural),1984,2.237044
China (rural),1987,2.8220098
China (rural),1990,2.5533211
China (rural),1993,2.6437502
China (rural),1996,3.9042783
China (rural),1999,3.9767718
China (rural),2002,4.6984797
China (rural),2005,5.997154
China (rural),2008,7.091189
China (rural),2010,8.005993
China (rural),2011,8.609065
China (rural),2012,9.609676
China (rural),2013,11.247839
China (rural),2014,12.2941885
China (rural),2015,13.225246
China (rural),2016,14.024895
China (rural),2017,14.997553
China (rural),2018,16.167652
China (rural),2019,17.057995
China (rural),2020,16.71141
China (rural),2021,19.263973
China (urban),1981,2.7291844
China (urban),1984,3.1112483
China (urban),1987,3.896345
China (urban),1990,4.325433
China (urban),1993,5.528481
China (urban),1996,6.5697975
China (urban),1999,7.885198
China (urban),2002,10.273556
China (urban),2005,12.889389
China (urban),2008,15.610067
China (urban),2010,18.175756
China (urban),2011,19.126987
China (urban),2012,20.652187
China (urban),2013,22.965279
China (urban),2014,24.384115
China (urban),2015,25.611668
China (urban),2016,27.233515
China (urban),2017,28.63045
China (urban),2018,30.193007
China (urban),2019,31.48664
China (urban),2020,28.625307
China (urban),2021,31.78691
Colombia,1992,21.807941
Colombia,1996,18.339321
Colombia,1999,18.502335
Colombia,2000,19.952578
Colombia,2001,16.631264
Colombia,2002,20.772793
Colombia,2003,20.346655
Colombia,2004,21.330723
Colombia,2005,22.7784
Colombia,2008,25.941364
Colombia,2009,25.705742
Colombia,2010,27.847992
Colombia,2011,28.86422
Colombia,2012,29.251179
Colombia,2013,30.711672
Colombia,2014,31.95531
Colombia,2015,31.104237
Colombia,2016,30.058681
Colombia,2017,29.975416
Colombia,2018,30.609755
Colombia,2019,30.986998
Colombia,2020,27.627718
Colombia,2021,33.363064
Colombia,2022,36.171135
Colombia,2023,37.17003
Colombia (urban),1980,19.346806
Colombia (urban),1988,20.889322
Colombia (urban),1989,20.244894
Colombia (urban),1991,21.212685
Comoros,2004,14.968693
Comoros,2014,13.089096
Congo,2005,6.908936
Congo,2011,8.611193
Costa Rica,1981,12.826985
Costa Rica,1986,11.511339
Costa Rica,1989,19.985838
Costa Rica,1990,20.190952
Costa Rica,1991,19.132975
Costa Rica,1992,19.793655
Costa Rica,1993,23.285942
Costa Rica,1994,26.045584
Costa Rica,1995,24.94112
Costa Rica,1996,24.338654
Costa Rica,1997,25.803413
Costa Rica,1998,28.447855
Costa Rica,1999,28.357195
Costa Rica,2000,27.555395
Costa Rica,2001,39.39222
Costa Rica,2002,39.668118
Costa Rica,2003,39.013233
Costa Rica,2004,35.589275
Costa Rica,2005,37.575935
Costa Rica,2006,38.668396
Costa Rica,2007,42.063507
Costa Rica,2008,42.661263
Costa Rica,2009,47.92428
Costa Rica,2010,49.205288
Costa Rica,2011,50.839745
Costa Rica,2012,52.235943
Costa Rica,2013,54.503185
Costa Rica,2014,53.752514
Costa Rica,2015,53.389637
Costa Rica,2016,54.93396
Costa Rica,2017,56.968422
Costa Rica,2018,54.932068
Costa Rica,2019,54.427773
Costa Rica,2020,47.78331
Costa Rica,2021,54.00769
Costa Rica,2022,51.64311
Costa Rica,2023,54.841217
Costa Rica,2024,57.948162
Cote d'Ivoire,1985,17.080744
Cote d'Ivoire,1986,14.058313
Cote d'Ivoire,1987,12.701159
Cote d'Ivoire,1988,9.805182
Cote d'Ivoire,1992,8.362194
Cote d'Ivoire,1995,8.343098
Cote d'Ivoire,1998,7.781808
Cote d'Ivoire,2008,7.9006543
Cote d'Ivoire,2015,7.5076494
Cote d'Ivoire,2018,10.685696
Cote d'Ivoire,2021,10.042197
Croatia,1988,35.540363
Croatia,2009,43.197247
Croatia,2010,39.609375
Croatia,2011,38.467167
Croatia,2012,37.074
Croatia,2013,35.154957
Croatia,2014,37.19085
Croatia,2015,38.37718
Croatia,2016,41.763424
Croatia,2017,43.12846
Croatia,2018,45.781353
Croatia,2019,47.623837
Croatia,2020,50.9692
Croatia,2021,53.620903
Croatia,2022,54.972977
Cyprus,2004,74.25337
Cyprus,2005,79.20023
Cyprus,2006,83.0717
Cyprus,2007,87.79718
Cyprus,2008,88.8423
Cyprus,2009,86.69241
Cyprus,2010,89.175674
Cyprus,2011,88.99493
Cyprus,2012,84.41894
Cyprus,2013,79.38528
Cyprus,2014,76.3306
Cyprus,2015,77.032005
Cyprus,2016,79.3845
Cyprus,2017,81.25054
Cyprus,2018,84.5129
Cyprus,2019,86.6244
Cyprus,2020,88.6338
Cyprus,2021,90.68869
Cyprus,2022,87.87637
Czechia,1992,26.376055
Czechia,1993,31.02235
Czechia,1996,35.26516
Czechia,2002,39.961143
Czechia,2004,42.343964
Czechia,2005,43.03398
Czechia,2006,46.001205
Czechia,2007,47.70128
Czechia,2008,47.84906
Czechia,2009,49.112617
Czechia,2010,50.48793
Czechia,2011,49.645767
Czechia,2012,49.35442
Czechia,2013,49.480663
Czechia,2014,50.35389
Czechia,2015,52.26616
Czechia,2016,53.78775
Czechia,2017,55.81563
Czechia,2018,59.343815
Czechia,2019,62.467426
Czechia,2020,63.48449
Czechia,2021,67.20109
Czechia,2022,62.667408
Democratic Republic of Congo,2004,1.9732752
Democratic Republic of Congo,2012,4.0377555
Democratic Republic of Congo,2020,3.3103666
Denmark,1987,76.006676
Denmark,1992,73.53422
Denmark,1995,74.90603
Denmark,2000,81.18819
Denmark,2003,79.85726
Denmark,2004,81.65927
Denmark,2005,82.43849
Denmark,2006,84.490746
Denmark,2007,86.0709
Denmark,2008,85.76975
Denmark,2009,88.37386
Denmark,2010,92.19423
Denmark,2011,91.07392
Denmark,2012,91.051
Denmark,2013,93.52312
Denmark,2014,93.32094
Denmark,2015,92.03142
Denmark,2016,93.62237
Denmark,2017,97.072754
Denmark,2018,99.74274
Denmark,2019,96.19581
Denmark,2020,102.05626
Denmark,2021,103.072426
Denmark,2022,98.30536
Djibouti,2002,8.82968
Djibouti,2012,11.097598
Djibouti,2013,10.02164
Djibouti,2017,10.140244
Dominican Republic,1986,26.208488
Dominican Republic,1989,15.248291
Dominican Republic,1992,19.151749
Dominican Republic,1996,23.949865
Dominican Republic,1997,25.00135
Dominican Republic,2000,27.519705
Dominican Republic,2001,27.212769
Dominican Republic,2002,26.024004
Dominican Republic,2003,22.753931
Dominican Republic,2004,19.286896
Dominican Republic,2005,23.955154
Dominican Republic,2006,25.857403
Dominican Republic,2007,23.965736
Dominican Republic,2008,22.673624
Dominican Republic,2009,24.807064
Dominican Republic,2010,25.6036
Dominican Republic,2011,24.57317
Dominican Republic,2012,23.645311
Dominican Republic,2013,25.252256
Dominican Republic,2014,27.58851
Dominican Republic,2015,29.696274
Dominican Republic,2016,31.431467
Dominican Republic,2017,27.686794
Dominican Republic,2018,29.300453
Dominican Republic,2019,30.777113
Dominican Republic,2020,27.863073
Dominican Republic,2021,25.895473
Dominican Republic,2022,26.054932
Dominican Republic,2023,29.980387
East Asia and Pacific (PIP),1990,4.58
East Asia and Pacific (PIP),1991,4.74
East Asia and Pacific (PIP),1992,5
East Asia and Pacific (PIP),1993,5.3
East Asia and Pacific (PIP),1994,5.75
East Asia and Pacific (PIP),1995,6.2
East Asia and Pacific (PIP),1996,6.7
East Asia and Pacific (PIP),1997,6.95
East Asia and Pacific (PIP),1998,7.1
East Asia and Pacific (PIP),1999,7.35
East Asia and Pacific (PIP),2000,7.85
East Asia and Pacific (PIP),2001,8.45
East Asia and Pacific (PIP),2002,9.2
East Asia and Pacific (PIP),2003,9.8
East Asia and Pacific (PIP),2004,10.5
East Asia and Pacific (PIP),2005,11.4
East Asia and Pacific (PIP),2006,12.1
East Asia and Pacific (PIP),2007,13.1
East Asia and Pacific (PIP),2008,13.8
East Asia and Pacific (PIP),2009,14.8
East Asia and Pacific (PIP),2010,16.3
East Asia and Pacific (PIP),2011,17.2
East Asia and Pacific (PIP),2012,18.6
East Asia and Pacific (PIP),2013,20.3
East Asia and Pacific (PIP),2014,21.6
East Asia and Pacific (PIP),2015,22.9
East Asia and Pacific (PIP),2016,24.2
East Asia and Pacific (PIP),2017,25.5
East Asia and Pacific (PIP),2018,26.9
East Asia and Pacific (PIP),2019,28.1
East Asia and Pacific (PIP),2020,26.5
East Asia and Pacific (PIP),2021,29
East Asia and Pacific (PIP),2022,29.4
East Asia and Pacific (PIP),2023,30.5
East Asia and Pacific (PIP),2024,31.6
East Asia and Pacific (PIP),2025,32.6
East Timor,2001,5.7425222
East Timor,2007,4.6555305
East Timor,2014,5.629599
Eastern and Southern Africa (PIP),1990,8.9
Eastern and Southern Africa (PIP),1991,8.8
Eastern and Southern Africa (PIP),1992,8.55
Eastern and Southern Africa (PIP),1993,8
Eastern and Southern Africa (PIP),1994,7.9
Eastern and Southern Africa (PIP),1995,8.1
Eastern and Southern Africa (PIP),1996,8.25
Eastern and Southern Africa (PIP),1997,8.35
Eastern and Southern Africa (PIP),1998,8.25
Eastern and Southern Africa (PIP),1999,8.1
Eastern and Southern Africa (PIP),2000,8.05
Eastern and Southern Africa (PIP),2001,8.05
Eastern and Southern Africa (PIP),2002,8
Eastern and Southern Africa (PIP),2003,7.9
Eastern and Southern Africa (PIP),2004,8.15
Eastern and Southern Africa (PIP),2005,8.35
Eastern and Southern Africa (PIP),2006,8.75
Eastern and Southern Africa (PIP),2007,9
Eastern and Southern Africa (PIP),2008,9.2
Eastern and Southern Africa (PIP),2009,9.15
Eastern and Southern Africa (PIP),2010,9.3
Eastern and Southern Africa (PIP),2011,9.45
Eastern and Southern Africa (PIP),2012,9.4
Eastern and Southern Africa (PIP),2013,9.45
Eastern and Southern Africa (PIP),2014,9.5
Eastern and Southern Africa (PIP),2015,9.5
Eastern and Southern Africa (PIP),2016,9.4
Eastern and Southern Africa (PIP),2017,9.25
Eastern and Southern Africa (PIP),2018,9.05
Eastern and Southern Africa (PIP),2019,8.8
Eastern and Southern Africa (PIP),2020,8.4
Eastern and Southern Africa (PIP),2021,8.3
Eastern and Southern Africa (PIP),2022,8.35
Eastern and Southern Africa (PIP),2023,8.25
Eastern and Southern Africa (PIP),2024,8.2
Eastern and Southern Africa (PIP),2025,8.3
Ecuador,1994,16.409632
Ecuador,1999,16.303429
Ecuador,2000,12.254849
Ecuador,2003,19.975155
Ecuador,2004,19.452822
Ecuador,2005,23.40104
Ecuador,2006,24.91609
Ecuador,2007,26.849554
Ecuador,2008,26.203455
Ecuador,2009,24.668388
Ecuador,2010,27.44124
Ecuador,2011,28.511364
Ecuador,2012,30.463488
Ecuador,2013,30.843088
Ecuador,2014,30.912415
Ecuador,2015,31.06086
Ecuador,2016,30.157766
Ecuador,2017,31.402842
Ecuador,2018,32.01225
Ecuador,2019,30.830492
Ecuador,2020,27.523474
Ecuador,2021,29.249804
Ecuador,2022,30.983639
Ecuador,2023,30.07859
Ecuador (urban),1987,16.437534
Ecuador (urban),1995,16.821795
Ecuador (urban),1998,16.809504
Egypt,1990,9.239152
Egypt,1995,8.568498
Egypt,1999,10.50305
Egypt,2004,9.600444
Egypt,2008,9.452788
Egypt,2010,10.640798
Egypt,2012,10.690277
Egypt,2015,11.552245
Egypt,2017,10.305208
Egypt,2019,10.940349
Egypt,2021,10.941127
El Salvador,1989,16.313196
El Salvador,1991,15.645696
El Salvador,1995,17.174706
El Salvador,1996,17.684565
El Salvador,1998,18.798805
El Salvador,1999,19.97691
El Salvador,2000,22.404139
El Salvador,2001,21.669283
El Salvador,2002,21.54465
El Salvador,2003,19.8151
El Salvador,2004,19.939821
El Salvador,2005,20.260027
El Salvador,2006,19.373543
El Salvador,2007,20.15199
El Salvador,2008,20.65587
El Salvador,2009,19.00009
El Salvador,2010,19.427675
El Salvador,2011,18.36247
El Salvador,2012,18.614746
El Salvador,2013,20.566204
El Salvador,2014,20.494743
El Salvador,2015,19.99262
El Salvador,2016,20.638012
El Salvador,2017,20.330912
El Salvador,2018,22.41546
El Salvador,2019,24.63279
El Salvador,2021,24.648174
El Salvador,2022,24.750977
El Salvador,2023,27.040237
Equatorial Guinea,2022,16.247766
Estonia,1993,22.17839
Estonia,2003,29.024866
Estonia,2004,29.957474
Estonia,2005,34.64954
Estonia,2006,39.28926
Estonia,2007,45.006165
Estonia,2008,46.118614
Estonia,2009,43.738457
Estonia,2010,41.32919
Estonia,2011,43.76414
Estonia,2012,46.53228
Estonia,2013,52.292427
Estonia,2014,56.92132
Estonia,2015,60.720936
Estonia,2016,63.830208
Estonia,2017,66.54346
Estonia,2018,70.78864
Estonia,2019,73.734276
Estonia,2020,76.7031
Estonia,2021,89.03661
Estonia,2022,75.054214
Eswatini,1994,2.732242
Eswatini,2000,7.0984097
Eswatini,2009,8.101126
Eswatini,2016,12.910141
Ethiopia,1995,3.83255
Ethiopia,1999,3.7138207
Ethiopia,2004,4.8425493
Ethiopia,2010,5.6014557
Ethiopia,2015,6.555255
Ethiopia,2021,5.633835
Ethiopia (rural),1981,3.1960642
Europe and Central Asia (PIP),1990,29.2
Europe and Central Asia (PIP),1991,26.9
Europe and Central Asia (PIP),1992,25.1
Europe and Central Asia (PIP),1993,22.3
Europe and Central Asia (PIP),1994,21.9
Europe and Central Asia (PIP),1995,23.4
Europe and Central Asia (PIP),1996,22.7
Europe and Central Asia (PIP),1997,22.6
Europe and Central Asia (PIP),1998,22.8
Europe and Central Asia (PIP),1999,20.3
Europe and Central Asia (PIP),2000,21.2
Europe and Central Asia (PIP),2001,22.3
Europe and Central Asia (PIP),2002,23.8
Europe and Central Asia (PIP),2003,25.8
Europe and Central Asia (PIP),2004,27.8
Europe and Central Asia (PIP),2005,29.1
Europe and Central Asia (PIP),2006,30.8
Europe and Central Asia (PIP),2007,33.4
Europe and Central Asia (PIP),2008,35.9
Europe and Central Asia (PIP),2009,35
Europe and Central Asia (PIP),2010,36.6
Europe and Central Asia (PIP),2011,37.5
Europe and Central Asia (PIP),2012,38.3
Europe and Central Asia (PIP),2013,39
Europe and Central Asia (PIP),2014,39.3
Europe and Central Asia (PIP),2015,38.4
Europe and Central Asia (PIP),2016,39
Europe and Central Asia (PIP),2017,39.7
Europe and Central Asia (PIP),2018,40.2
Europe and Central Asia (PIP),2019,41.6
Europe and Central Asia (PIP),2020,45.1
Europe and Central Asia (PIP),2021,55.2
Europe and Central Asia (PIP),2022,56
Europe and Central Asia (PIP),2023,58.9
Europe and Central Asia (PIP),2024,60.7
Europe and Central Asia (PIP),2025,62
Fiji,2002,18.667818
Fiji,2008,19.751526
Fiji,2013,19.122118
Fiji,2019,13.878078
Finland,1987,53.904564
Finland,1991,62.131557
Finland,1995,57.41655
Finland,2000,68.39843
Finland,2003,72.79862
Finland,2004,76.05861
Finland,2005,79.07651
Finland,2006,81.486374
Finland,2007,84.25995
Finland,2008,84.71711
Finland,2009,86.24295
Finland,2010,88.31907
Finland,2011,88.90911
Finland,2012,88.87674
Finland,2013,88.29083
Finland,2014,87.864334
Finland,2015,88.75176
Finland,2016,87.63539
Finland,2017,90.45228
Finland,2018,91.76503
Finland,2019,92.979256
Finland,2020,92.3879
Finland,2021,95.23601
Finland,2022,92.76487
France,1970,48.270218
France,1975,58.66957
France,1979,64.885895
France,1984,67.51186
France,1990,71.7367
France,1996,78.09289
France,1997,78.75182
France,1998,79.95285
France,1999,82.341866
France,2000,84.237404
France,2001,86.18074
France,2002,88.09382
France,2003,79.19131
France,2004,80.865654
France,2005,77.81046
France,2006,78.51055
France,2007,96.04018
France,2008,95.736565
France,2009,97.54766
France,2010,98.17076
France,2011,96.895775
France,2012,96.80599
France,2013,95.25941
France,2014,95.58181
France,2015,95.132675
France,2016,96.97157
France,2017,95.01327
France,2018,96.17998
France,2019,90.91064
France,2020,92.65709
France,2021,93.99154
France,2022,95.17993
Gabon,2005,16.66611
Gabon,2017,23.825977
Gambia,1998,3.8820658
Gambia,2003,6.5879283
Gambia,2010,7.944776
Gambia,2015,8.754629
Gambia,2020,9.245222
Georgia,1996,15.079735
Georgia,1997,10.661906
Georgia,1998,10.420198
Georgia,1999,9.340783
Georgia,2000,9.034601
Georgia,2001,8.474546
Georgia,2002,10.767209
Georgia,2003,10.84054
Georgia,2004,11.028744
Georgia,2005,10.934388
Georgia,2006,10.842835
Georgia,2007,10.45858
Georgia,2008,11.464403
Georgia,2009,11.33396
Georgia,2010,11.350735
Georgia,2011,11.848536
Georgia,2012,12.794168
Georgia,2013,13.741673
Georgia,2014,14.252142
Georgia,2015,14.1967535
Georgia,2016,14.566218
Georgia,2017,14.929333
Georgia,2018,14.597026
Georgia,2019,14.077051
Georgia,2020,12.818536
Georgia,2021,13.320476
Georgia,2022,14.733879
Georgia,2023,16.764658
Germany,1991,87.29699
Germany,1992,87.49961
Germany,1993,86.87165
Germany,1994,84.601944
Germany,1995,85.37179
Germany,1996,86.749535
Germany,1997,85.54472
Germany,1998,88.642166
Germany,1999,90.88243
Germany,2000,93.09779
Germany,2001,93.987274
Germany,2002,95.07862
Germany,2003,94.539406
Germany,2004,95.549355
Germany,2005,97.926186
Germany,2006,97.8324
Germany,2007,97.647385
Germany,2008,97.24287
Germany,2009,97.39721
Germany,2010,98.23684
Germany,2011,98.74088
Germany,2012,99.632
Germany,2013,99.32018
Germany,2014,100.17055
Germany,2015,101.78082
Germany,2016,105.65713
Germany,2017,104.41898
Germany,2018,109.084435
Germany,2019,109.983
Germany,2020,118.742874
Ghana,1987,4.1892567
Ghana,1988,4.291598
Ghana,1991,4.153912
Ghana,1998,5.836512
Ghana,2005,6.516515
Ghana,2012,9.656811
Ghana,2016,9.994592
Greece,1995,52.165947
Greece,2000,56.67222
Greece,2003,63.529312
Greece,2004,66.99069
Greece,2005,68.95253
Greece,2006,68.18556
Greece,2007,69.86527
Greece,2008,69.01976
Greece,2009,70.87712
Greece,2010,62.76045
Greece,2011,52.16313
Greece,2012,45.62504
Greece,2013,44.678516
Greece,2014,44.32225
Greece,2015,44.626965
Greece,2016,45.437874
Greece,2017,44.594925
Greece,2018,46.339764
Greece,2019,49.17267
Greece,2020,50.338757
Greece,2021,53.78675
Greece,2022,51.51663
Grenada,2018,44.097687
Guatemala,1986,7.8490486
Guatemala,1989,12.479238
Guatemala,1998,19.363794
Guatemala,2000,22.864578
Guatemala,2006,24.794577
Guatemala,2014,18.384169
Guatemala,2023,17.049557
Guinea,1991,2.3498318
Guinea,1994,7.654678
Guinea,2002,5.3209753
Guinea,2007,5.897757
Guinea,2012,6.718633
Guinea,2018,7.549208
Guinea-Bissau,1991,9.218048
Guinea-Bissau,1993,6.702082
Guinea-Bissau,2002,4.5519614
Guinea-Bissau,2010,4.9004908
Guinea-Bissau,2018,7.629908
Guinea-Bissau,2021,7.073131
Guyana,1992,8.155855
Guyana,1998,16.242016
Haiti,2001,5.65286
Haiti,2012,7.4373355
Honduras,1989,10.732211
Honduras,1990,9.83721
Honduras,1991,11.168569
Honduras,1992,12.046834
Honduras,1993,14.039324
Honduras,1994,14.856164
Honduras,1995,14.572584
Honduras,1996,13.457707
Honduras,1997,15.994857
Honduras,1998,16.91343
Honduras,1999,16.852173
Honduras,2001,22.088896
Honduras,2002,18.692223
Honduras,2003,17.980112
Honduras,2004,18.532644
Honduras,2005,20.974844
Honduras,2006,22.101957
Honduras,2007,23.979256
Honduras,2008,23.428831
Honduras,2009,23.798655
Honduras,2010,23.764841
Honduras,2011,23.133926
Honduras,2012,20.643396
Honduras,2013,20.917433
Honduras,2014,21.125965
Honduras,2015,20.97515
Honduras,2016,22.603788
Honduras,2017,21.697361
Honduras,2018,21.949175
Honduras,2019,21.341427
Honduras,2023,21.822266
Honduras (urban),1986,7.9696116
Hungary,1987,31.875168
Hungary,1989,16.196058
Hungary,1991,31.705257
Hungary,1993,24.432953
Hungary,1994,30.687729
Hungary,1999,26.121763
Hungary,2004,30.612112
Hungary,2005,33.758873
Hungary,2006,32.45789
Hungary,2007,32.2
Hungary,2008,32.939903
Hungary,2009,31.178406
Hungary,2010,33.329166
Hungary,2011,33.129803
Hungary,2012,31.883194
Hungary,2013,33.9134
Hungary,2014,35.111843
Hungary,2015,37.49283
Hungary,2016,38.83005
Hungary,2017,39.611034
Hungary,2018,41.30713
Hungary,2019,43.85114
Hungary,2020,49.58883
Hungary,2021,47.465088
Hungary,2022,49.53221
Iceland,2003,74.06482
Iceland,2004,76.440506
Iceland,2005,80.853195
Iceland,2006,92.86324
Iceland,2007,97.88423
Iceland,2008,102.58574
Iceland,2009,85.604576
Iceland,2010,75.18566
Iceland,2011,75.204636
Iceland,2012,77.73523
Iceland,2013,77.666756
Iceland,2014,81.04488
Iceland,2015,87.47693
Iceland,2016,94.862885
Iceland,2017,97.95676
Iceland,2018,92.173546
India,1977,4.203462
India,1983,4.5489497
India,1987,4.515013
India,1993,4.682342
India,2004,4.902619
India,2009,5.4770913
India,2011,6.174711
India,2022,8.255138
Indonesia,1984,3.1918662
Indonesia,1987,3.1311498
Indonesia,1990,3.8584383
Indonesia,1993,3.928087
Indonesia,1996,4.8211308
Indonesia,1998,3.4928696
Indonesia,1999,4.5756035
Indonesia,2000,4.680133
Indonesia,2001,4.9844675
Indonesia,2002,5.8850765
Indonesia,2003,5.9385943
Indonesia,2004,6.0509
Indonesia,2005,6.2153935
Indonesia,2006,5.9827585
Indonesia,2007,6.9155593
Indonesia,2008,7.030858
Indonesia,2009,7.0970197
Indonesia,2010,8.10552
Indonesia,2011,9.15866
Indonesia,2012,9.526382
Indonesia,2013,10.39566
Indonesia,2014,10.427947
Indonesia,2015,10.341571
Indonesia,2016,11.103296
Indonesia,2017,12.590466
Indonesia,2018,12.585905
Indonesia,2019,12.567848
Indonesia,2020,12.914041
Indonesia,2021,13.000836
Indonesia,2022,13.220848
Indonesia,2023,13.611032
Indonesia,2024,13.570811
Iran,1986,18.887447
Iran,1990,16.595482
Iran,1994,19.091085
Iran,1998,21.145779
Iran,2005,32.839825
Iran,2006,34.79524
Iran,2009,32.63272
Iran,2011,24.48536
Iran,2012,24.499424
Iran,2013,23.533342
Iran,2014,23.07092
Iran,2015,23.670712
Iran,2016,24.146595
Iran,2017,26.279211
Iran,2018,25.269173
Iran,2019,22.429132
Iran,2020,21.66293
Iran,2021,23.703402
Iran,2022,24.133598
Iran,2023,25.079216
Iraq,2006,17.63263
Iraq,2012,19.07056
Iraq,2023,19.991714
Ireland,1987,34.653847
Ireland,1994,52.547314
Ireland,1995,54.247753
Ireland,1996,55.77211
Ireland,2000,65.4853
Ireland,2002,73.820724
Ireland,2003,74.20511
Ireland,2004,77.33508
Ireland,2005,81.519775
Ireland,2006,89.632614
Ireland,2007,85.815865
Ireland,2008,77.96536
Ireland,2009,79.63978
Ireland,2010,77.71856
Ireland,2011,75.212524
Ireland,2012,75.689224
Ireland,2013,75.73319
Ireland,2014,78.59582
Ireland,2015,79.62375
Ireland,2016,87.6553
Ireland,2017,90.17847
Ireland,2018,91.10328
Ireland,2019,91.13462
Ireland,2020,95.44887
Ireland,2021,97.41992
Ireland,2022,93.68403
Israel,1979,37.568226
Israel,1986,38.158943
Israel,1992,43.38341
Israel,1997,47.54783
Israel,2001,54.012096
Israel,2002,49.39812
Israel,2003,51.33203
Israel,2004,55.24224
Israel,2005,58.08564
Israel,2006,57.715534
Israel,2007,60.51982
Israel,2008,62.35199
Israel,2009,61.96095
Israel,2010,61.827293
Israel,2011,63.104218
Israel,2012,65.92382
Israel,2013,68.4061
Israel,2014,69.59317
Israel,2015,71.09281
Israel,2016,73.37977
Israel,2017,75.273994
Israel,2018,76.94426
Israel,2019,74.882965
Israel,2020,76.06862
Israel,2021,74.1267
Italy,1977,43.448833
Italy,1978,45.84155
Italy,1979,47.29929
Italy,1980,49.60595
Italy,1981,48.736904
Italy,1982,49.135487
Italy,1983,48.36888
Italy,1984,51.655396
Italy,1986,49.268875
Italy,1987,60.49783
Italy,1989,64.896126
Italy,1991,62.413136
Italy,1993,62.73961
Italy,1995,60.832
Italy,1998,66.05733
Italy,2000,68.17738
Italy,2002,68.89539
Italy,2003,82.344765
Italy,2004,83.98329
Italy,2005,83.73819
Italy,2006,85.55777
Italy,2007,84.81574
Italy,2008,84.59836
Italy,2009,85.31694
Italy,2010,84.122
Italy,2011,84.06807
Italy,2012,79.9335
Italy,2013,79.80905
Italy,2014,79.50875
Italy,2015,81.37961
Italy,2016,82.60117
Italy,2017,85.143616
Italy,2018,85.447975
Italy,2019,87.725235
Italy,2020,89.13767
Italy,2021,90.18622
Italy,2022,87.67666
Jamaica,1988,19.079767
Jamaica,1990,18.295134
Jamaica,1993,12.20669
Jamaica,1996,18.788141
Jamaica,1999,26.981949
Jamaica,2002,30.738186
Jamaica,2004,29.158007
Jamaica,2018,35.124054
Jamaica,2021,39.340797
Japan,2008,81.40216
Japan,2009,78.7765
Japan,2010,78.33791
Japan,2011,78.43033
Japan,2012,76.69678
Japan,2013,74.39575
Japan,2014,75.48839
Japan,2015,77.45702
Japan,2016,77.52094
Japan,2017,78.250885
Japan,2018,77.33644
Japan,2019,77.77326
Japan,2020,80.03789
Jordan,1986,31.677387
Jordan,1992,24.288982
Jordan,1997,20.078579
Jordan,2002,25.645716
Jordan,2006,26.576448
Jordan,2008,27.09854
Jordan,2010,30.028559
Kazakhstan,1993,10.784834
Kazakhstan,1996,11.886142
Kazakhstan,2001,10.232125
Kazakhstan,2002,10.68666
Kazakhstan,2003,11.404562
Kazakhstan,2004,11.624576
Kazakhstan,2005,14.314722
Kazakhstan,2006,13.606518
Kazakhstan,2007,15.879832
Kazakhstan,2008,15.556828
Kazakhstan,2009,15.476524
Kazakhstan,2010,16.533676
Kazakhstan,2011,19.738897
Kazakhstan,2012,19.983454
Kazakhstan,2013,20.46031
Kazakhstan,2014,19.876951
Kazakhstan,2015,18.903637
Kazakhstan,2016,17.75873
Kazakhstan,2017,19.21952
Kazakhstan,2018,20.525879
Kazakhstan,2019,20.609833
Kazakhstan,2020,21.22489
Kazakhstan,2021,22.334972
Kenya,1992,12.429088
Kenya,1994,8.749656
Kenya,1997,9.304719
Kenya,2005,7.861147
Kenya,2015,8.134097
Kenya,2020,6.5505857
Kenya,2021,6.41738
Kiribati,2006,9.707546
Kiribati,2019,10.152447
Kosovo,2017,21.541239
Kosovo,2018,18.44639
Kosovo,2019,23.826519
Kosovo,2020,32.635323
Kosovo,2021,25.443192
Kyrgyzstan,2000,5.4955544
Kyrgyzstan,2001,5.6060467
Kyrgyzstan,2002,5.7831397
Kyrgyzstan,2003,5.760214
Kyrgyzstan,2004,9.958734
Kyrgyzstan,2005,8.150455
Kyrgyzstan,2006,11.11746
Kyrgyzstan,2007,10.307528
Kyrgyzstan,2008,10.772236
Kyrgyzstan,2009,11.048911
Kyrgyzstan,2010,10.475252
Kyrgyzstan,2011,10.1052685
Kyrgyzstan,2012,9.743496
Kyrgyzstan,2013,9.823627
Kyrgyzstan,2014,9.88461
Kyrgyzstan,2015,9.820912
Kyrgyzstan,2016,10.203912
Kyrgyzstan,2017,10.04015
Kyrgyzstan,2018,10.8231535
Kyrgyzstan,2019,11.078084
Kyrgyzstan,2020,10.600482
Kyrgyzstan,2021,11.441776
Kyrgyzstan,2022,11.18054
Laos,1992,6.8239884
Laos,1997,5.2341475
Laos,2002,6.3345704
Laos,2007,7.4273086
Laos,2012,9.802116
Laos,2018,11.704488
Latin America and the Caribbean (PIP),1990,25.6
Latin America and the Caribbean (PIP),1991,25
Latin America and the Caribbean (PIP),1992,24.4
Latin America and the Caribbean (PIP),1993,26
Latin America and the Caribbean (PIP),1994,26.8
Latin America and the Caribbean (PIP),1995,27.5
Latin America and the Caribbean (PIP),1996,27.6
Latin America and the Caribbean (PIP),1997,28.2
Latin America and the Caribbean (PIP),1998,28.9
Latin America and the Caribbean (PIP),1999,27.9
Latin America and the Caribbean (PIP),2000,29.1
Latin America and the Caribbean (PIP),2001,29.2
Latin America and the Caribbean (PIP),2002,28.3
Latin America and the Caribbean (PIP),2003,28.8
Latin America and the Caribbean (PIP),2004,29.2
Latin America and the Caribbean (PIP),2005,30.8
Latin America and the Caribbean (PIP),2006,33.1
Latin America and the Caribbean (PIP),2007,34.2
Latin America and the Caribbean (PIP),2008,35.2
Latin America and the Caribbean (PIP),2009,35.2
Latin America and the Caribbean (PIP),2010,36.1
Latin America and the Caribbean (PIP),2011,37.6
Latin America and the Caribbean (PIP),2012,39.4
Latin America and the Caribbean (PIP),2013,40.3
Latin America and the Caribbean (PIP),2014,40.1
Latin America and the Caribbean (PIP),2015,40.9
Latin America and the Caribbean (PIP),2016,41.1
Latin America and the Caribbean (PIP),2017,41.1
Latin America and the Caribbean (PIP),2018,41.2
Latin America and the Caribbean (PIP),2019,41.3
Latin America and the Caribbean (PIP),2020,38.6
Latin America and the Caribbean (PIP),2021,39.4
Latin America and the Caribbean (PIP),2022,41.5
Latin America and the Caribbean (PIP),2023,42.6
Latin America and the Caribbean (PIP),2024,43.1
Latin America and the Caribbean (PIP),2025,43.8
Latvia,1993,14.766961
Latvia,1995,17.01585
Latvia,1996,16.222012
Latvia,2004,24.939919
Latvia,2005,29.194502
Latvia,2006,34.43373
Latvia,2007,45.784782
Latvia,2008,44.399033
Latvia,2009,36.26285
Latvia,2010,33.440826
Latvia,2011,34.390743
Latvia,2012,35.374714
Latvia,2013,40.29016
Latvia,2014,43.05865
Latvia,2015,45.864357
Latvia,2016,49.281124
Latvia,2017,51.901367
Latvia,2018,57.190224
Latvia,2019,59.081043
Latvia,2020,63.025524
Latvia,2021,64.87336
Latvia,2022,60.83418
Lebanon,2011,53.527027
Lebanon,2022,23.654057
Lesotho,1986,7.287038
Lesotho,1994,10.666502
Lesotho,2002,4.8467197
Lesotho,2017,9.387009
Liberia,2007,4.4882913
Liberia,2014,6.729393
Liberia,2016,7.1209307
Lithuania,1993,9.556757
Lithuania,2004,26.394728
Lithuania,2005,29.9896
Lithuania,2006,35.584213
Lithuania,2007,42.597576
Lithuania,2008,45.30958
Lithuania,2009,39.19827
Lithuania,2010,34.49823
Lithuania,2011,36.531773
Lithuania,2012,40.046055
Lithuania,2013,42.59731
Lithuania,2014,46.09169
Lithuania,2015,52.09828
Lithuania,2016,55.776585
Lithuania,2017,58.34155
Lithuania,2018,63.0275
Lithuania,2019,68.588135
Lithuania,2020,77.89868
Lithuania,2021,80.037605
Lithuania,2022,72.60805
Luxembourg,1985,72.71356
Luxembourg,1986,82.2788
Luxembourg,1987,92.574905
Luxembourg,1988,97.390114
Luxembourg,1989,102.20385
Luxembourg,1990,104.56441
Luxembourg,1991,103.7139
Luxembourg,1992,109.456764
Luxembourg,1993,109.024216
Luxembourg,1994,103.78643
Luxembourg,1995,106.74633
Luxembourg,1996,109.06369
Luxembourg,1997,112.45364
Luxembourg,1998,117.747826
Luxembourg,1999,120.71047
Luxembourg,2000,121.95969
Luxembourg,2001,125.31188
Luxembourg,2002,130.148
Luxembourg,2003,130.19923
Luxembourg,2004,131.68967
Luxembourg,2005,139.42653
Luxembourg,2006,137.02567
Luxembourg,2007,137.24799
Luxembourg,2008,139.8899
Luxembourg,2009,135.90324
Luxembourg,2010,135.8791
Luxembourg,2011,135.38492
Luxembourg,2012,137.28992
Luxembourg,2013,137.71657
Luxembourg,2014,133.47589
Luxembourg,2015,126.902405
Luxembourg,2016,139.9652
Luxembourg,2017,142.35986
Luxembourg,2018,149.44887
Luxembourg,2019,149.77432
Luxembourg,2020,164.96399
Luxembourg,2021,165.9835
Luxembourg,2022,170.07681
Madagascar,1980,6.311812
Madagascar,1993,3.6680105
Madagascar,1997,3.8049407
Madagascar,1999,3.991921
Madagascar,2001,4.467981
Madagascar,2005,3.5818844
Madagascar,2010,3.178473
Madagascar,2012,3.1331053
Malawi,1997,5.023217
Malawi,2004,3.8304434
Malawi,2010,4.1252427
Malawi,2016,4.0553946
Malawi,2019,3.8145967
Malaysia,1984,25.246006
Malaysia,1987,24.5761
Malaysia,1989,23.868713
Malaysia,1992,27.631296
Malaysia,1995,28.496664
Malaysia,1997,35.49377
Malaysia,2003,33.259003
Malaysia,2006,36.24041
Malaysia,2008,38.16794
Malaysia,2011,45.563663
Malaysia,2013,50.170387
Malaysia,2015,56.046703
Malaysia,2018,62.82073
Malaysia,2021,65.802246
Maldives,2002,11.319081
Maldives,2009,15.466066
Maldives,2016,32.36985
Maldives,2019,32.424847
Mali,1994,2.838868
Mali,2001,4.974643
Mali,2006,5.5813236
Mali,2009,4.9807577
Mali,2018,9.1782875
Mali,2021,8.105056
Malta,2006,57.40535
Malta,2007,63.15211
Malta,2008,65.44561
Malta,2009,64.101326
Malta,2010,64.609856
Malta,2011,66.28122
Malta,2012,66.8472
Malta,2013,71.31539
Malta,2014,74.974915
Malta,2015,75.26561
Malta,2016,81.30834
Malta,2017,81.141304
Malta,2018,82.67579
Malta,2019,91.23696
Malta,2020,96.08267
Malta,2021,99.79119
Malta,2022,102.7851
Marshall Islands,2019,21.773182
Mauritania,1987,6.9139156
Mauritania,1993,6.6911726
Mauritania,1995,8.647549
Mauritania,2000,9.500295
Mauritania,2004,8.900867
Mauritania,2008,10.702153
Mauritania,2014,10.989855
Mauritania,2019,11.020873
Mauritius,2006,23.466892
Mauritius,2012,26.212029
Mauritius,2017,28.821106
Mexico,1984,19.821802
Mexico,1989,19.411703
Mexico,1992,24.06174
Mexico,1994,24.940035
Mexico,1996,18.104275
Mexico,1998,20.138811
Mexico,2000,24.22331
Mexico,2002,23.901356
Mexico,2004,25.037085
Mexico,2005,25.024576
Mexico,2006,26.431438
Mexico,2008,27.403107
Mexico,2010,24.95653
Mexico,2012,27.791212
Mexico,2014,25.218363
Mexico,2016,28.304663
Mexico,2018,28.604092
Mexico,2020,27.454765
Mexico,2022,31.111357
Micronesia (country),2005,15.794775
Micronesia (country),2013,10.623494
Micronesia (country) (urban),2000,12.158045
Middle East and North Africa (PIP),1990,14.5
Middle East and North Africa (PIP),1991,14.6
Middle East and North Africa (PIP),1992,14.9
Middle East and North Africa (PIP),1993,15.1
Middle East and North Africa (PIP),1994,15.1
Middle East and North Africa (PIP),1995,15.1
Middle East and North Africa (PIP),1996,15.6
Middle East and North Africa (PIP),1997,15.9
Middle East and North Africa (PIP),1998,16.8
Middle East and North Africa (PIP),1999,17.1
Middle East and North Africa (PIP),2000,17.8
Middle East and North Africa (PIP),2001,18
Middle East and North Africa (PIP),2002,18.4
Middle East and North Africa (PIP),2003,18.6
Middle East and North Africa (PIP),2004,20
Middle East and North Africa (PIP),2005,20.2
Middle East and North Africa (PIP),2006,20.7
Middle East and North Africa (PIP),2007,21.1
Middle East and North Africa (PIP),2008,21.2
Middle East and North Africa (PIP),2009,21.4
Middle East and North Africa (PIP),2010,21
Middle East and North Africa (PIP),2011,20.3
Middle East and North Africa (PIP),2012,19.8
Middle East and North Africa (PIP),2013,19.2
Middle East and North Africa (PIP),2014,19
Middle East and North Africa (PIP),2015,19.2
Middle East and North Africa (PIP),2016,19.6
Middle East and North Africa (PIP),2017,19.9
Middle East and North Africa (PIP),2018,19.8
Middle East and North Africa (PIP),2019,19.5
Middle East and North Africa (PIP),2020,18.1
Middle East and North Africa (PIP),2021,18.5
Middle East and North Africa (PIP),2022,18.8
Middle East and North Africa (PIP),2023,19
Middle East and North Africa (PIP),2024,19
Middle East and North Africa (PIP),2025,19.1
Moldova,1997,10.074746
Moldova,1998,8.502283
Moldova,1999,7.4268594
Moldova,2000,6.6451488
Moldova,2001,7.973184
Moldova,2002,9.836118
Moldova,2003,11.487008
Moldova,2004,11.332903
Moldova,2005,10.3235855
Moldova,2006,17.325005
Moldova,2007,19.411345
Moldova,2008,18.996181
Moldova,2009,18.81166
Moldova,2010,18.69213
Moldova,2011,18.656857
Moldova,2012,18.650877
Moldova,2013,19.471693
Moldova,2014,18.74631
Moldova,2015,19.064196
Moldova,2016,18.193752
Moldova,2017,18.54854
Moldova,2018,18.921299
Moldova,2019,19.670063
Moldova,2021,18.971647
Moldova,2022,17.809633
Mongolia,1995,9.197353
Mongolia,1998,5.8268332
Mongolia,2002,9.457768
Mongolia,2007,15.831365
Mongolia,2010,15.062787
Mongolia,2011,16.581581
Mongolia,2012,19.255281
Mongolia,2014,19.142319
Mongolia,2016,15.941935
Mongolia,2018,17.220457
Mongolia,2022,21.315449
Montenegro,2012,30.070137
Montenegro,2013,29.973457
Montenegro,2014,31.20552
Montenegro,2015,30.89661
Montenegro,2016,32.64415
Montenegro,2017,32.659454
Montenegro,2018,31.862354
Montenegro,2019,32.757744
Montenegro,2020,31.887856
Montenegro,2021,33.78522
Morocco,1984,9.686182
Morocco,1990,14.291437
Morocco,1998,12.519266
Morocco,2000,12.846304
Morocco,2006,15.002953
Morocco,2013,19.3408
Mozambique,1996,3.1692762
Mozambique,2002,3.1071432
Mozambique,2008,3.7324457
Mozambique,2014,5.1545815
Mozambique,2019,3.963274
Myanmar,2015,10.334016
Myanmar,2017,10.88691
Namibia,1993,13.599859
Namibia,2003,14.3641405
Namibia,2009,16.258533
Namibia,2015,25.230568
Nauru,2012,12.44849
Nepal,1984,3.40921
Nepal,1995,4.514948
Nepal,2003,6.9641466
Nepal,2010,9.1456585
Nepal,2022,15.058797
Netherlands,1983,58.775578
Netherlands,1987,63.046124
Netherlands,1990,81.23094
Netherlands,1993,78.22453
Netherlands,1999,87.30009
Netherlands,2004,84.4863
Netherlands,2005,85.94303
Netherlands,2006,89.19921
Netherlands,2007,94.52808
Netherlands,2008,94.4953
Netherlands,2009,93.06328
Netherlands,2010,91.47419
Netherlands,2011,89.57415
Netherlands,2012,88.87882
Netherlands,2013,87.641426
Netherlands,2014,88.47968
Netherlands,2015,93.04109
Netherlands,2016,96.86205
Netherlands,2017,96.27317
Netherlands,2018,96.681564
Netherlands,2019,99.30301
Netherlands,2020,97.65107
Netherlands,2021,101.45137
Nicaragua,1993,10.810708
Nicaragua,1998,12.450052
Nicaragua,2001,14.130162
Nicaragua,2005,16.258068
Nicaragua,2009,16.428715
Nicaragua,2014,21.267536
Niger,1992,2.5859501
Niger,1994,2.5018938
Niger,2005,3.0549057
Niger,2007,3.048062
Niger,2011,3.920636
Niger,2014,4.644208
Niger,2018,5.0262775
Niger,2021,4.545817
Nigeria,1985,5.799228
Nigeria,1992,6.1387854
Nigeria,1996,5.8164024
Nigeria,2003,5.6523466
Nigeria,2010,6.6279507
Nigeria,2012,6.7075815
Nigeria,2015,6.9700003
Nigeria,2018,6.636456
North Macedonia,2009,20.177872
North Macedonia,2010,20.288988
North Macedonia,2011,21.056982
North Macedonia,2012,20.896193
North Macedonia,2013,20.450104
North Macedonia,2014,21.060232
North Macedonia,2015,22.394083
North Macedonia,2016,23.141779
North Macedonia,2017,23.630665
North Macedonia,2018,24.23298
North Macedonia,2019,26.93801
Norway,1979,48.15931
Norway,1986,59.73402
Norway,1991,63.709164
Norway,1995,64.36272
Norway,2000,76.73214
Norway,2003,81.32721
Norway,2004,82.36217
Norway,2005,85.37698
Norway,2006,87.30065
Norway,2007,95.4461
Norway,2008,100.60577
Norway,2009,99.0476
Norway,2010,98.79943
Norway,2011,104.79443
Norway,2012,107.37224
Norway,2013,113.58467
Norway,2014,114.670845
Norway,2015,116.16227
Norway,2016,114.68952
Norway,2017,114.861786
Norway,2018,115.42121
Norway,2019,117.91898
Norway,2020,114.53041
Norway,2021,114.65922
Norway,2022,113.2422
Other high income countries (PIP),1990,92.6
Other high income countries (PIP),1991,92.7
Other high income countries (PIP),1992,93.3
Other high income countries (PIP),1993,93.6
Other high income countries (PIP),1994,94.9
Other high income countries (PIP),1995,95.9
Other high income countries (PIP),1996,97.4
Other high income countries (PIP),1997,98.8
Other high income countries (PIP),1998,101.8
Other high income countries (PIP),1999,104.3
Other high income countries (PIP),2000,105.7
Other high income countries (PIP),2001,106.6
Other high income countries (PIP),2002,107.7
Other high income countries (PIP),2003,109.6
Other high income countries (PIP),2004,109.4
Other high income countries (PIP),2005,111.4
Other high income countries (PIP),2006,113
Other high income countries (PIP),2007,116.5
Other high income countries (PIP),2008,115.5
Other high income countries (PIP),2009,115
Other high income countries (PIP),2010,114.3
Other high income countries (PIP),2011,114.5
Other high income countries (PIP),2012,114.4
Other high income countries (PIP),2013,114.1
Other high income countries (PIP),2014,116.2
Other high income countries (PIP),2015,118.9
Other high income countries (PIP),2016,122
Other high income countries (PIP),2017,123.4
Other high income countries (PIP),2018,126
Other high income countries (PIP),2019,130.8
Other high income countries (PIP),2020,133.8
Other high income countries (PIP),2021,134.4
Other high income countries (PIP),2022,132.6
Other high income countries (PIP),2023,135.2
Other high income countries (PIP),2024,136.9
Other high income countries (PIP),2025,138
Pakistan,1987,3.64282
Pakistan,1990,3.695669
Pakistan,1996,5.542906
Pakistan,1998,5.711333
Pakistan,2001,4.9224095
Pakistan,2004,6.2412477
Pakistan,2005,6.1873446
Pakistan,2007,6.504409
Pakistan,2010,6.75316
Pakistan,2011,7.0590973
Pakistan,2013,7.613112
Pakistan,2015,8.333523
Pakistan,2018,8.065796
Palestine,2004,22.647095
Palestine,2005,23.69769
Palestine,2006,24.085073
Palestine,2007,22.662918
Palestine,2009,25.13152
Palestine,2010,25.68313
Palestine,2011,25.673656
Palestine,2016,25.378933
Palestine,2023,26.022524
Panama,1979,29.253271
Panama,1989,27.338837
Panama,1991,29.175423
Panama,1995,35.27428
Panama,1997,36.73966
Panama,1998,35.043846
Panama,1999,37.703888
Panama,2000,39.769302
Panama,2001,34.670486
Panama,2002,37.91891
Panama,2003,39.2257
Panama,2004,40.251984
Panama,2005,39.13786
Panama,2006,39.545227
Panama,2007,39.37482
Panama,2008,46.578037
Panama,2009,46.797867
Panama,2010,47.88987
Panama,2011,51.47389
Panama,2012,53.734898
Panama,2013,55.731075
Panama,2014,55.475903
Panama,2015,60.07846
Panama,2016,65.57617
Panama,2017,62.34769
Panama,2018,65.82547
Panama,2019,68.53227
Panama,2021,63.780647
Panama,2023,61.67498
Papua New Guinea,1996,6.701109
Papua New Guinea,2009,6.7441435
Paraguay,1990,31.924047
Paraguay,1995,29.56107
Paraguay,1997,33.9525
Paraguay,1999,29.736574
Paraguay,2001,29.912554
Paraguay,2002,22.226156
Paraguay,2003,26.301796
Paraguay,2004,25.440748
Paraguay,2005,27.313276
Paraguay,2006,25.241825
Paraguay,2007,26.3963
Paraguay,2008,28.0528
Paraguay,2009,26.613356
Paraguay,2010,29.229744
Paraguay,2011,32.173565
Paraguay,2012,32.776722
Paraguay,2013,35.835308
Paraguay,2014,36.980343
Paraguay,2015,36.988693
Paraguay,2016,35.012257
Paraguay,2017,34.858517
Paraguay,2018,36.238598
Paraguay,2019,37.04658
Paraguay,2020,32.949203
Paraguay,2021,33.260597
Paraguay,2022,35.615498
Paraguay,2023,35.97265
Peru,1997,17.487993
Peru,1998,18.848501
Peru,1999,17.175846
Peru,2000,15.804887
Peru,2001,15.896042
Peru,2002,17.769274
Peru,2003,18.206865
Peru,2004,17.0686
Peru,2005,16.194365
Peru,2006,18.357666
Peru,2007,20.623926
Peru,2008,21.095201
Peru,2009,22.151762
Peru,2010,22.587778
Peru,2011,23.045704
Peru,2012,24.43073
Peru,2013,24.927824
Peru,2014,24.89816
Peru,2015,25.108437
Peru,2016,26.362307
Peru,2017,25.712675
Peru,2018,26.541275
Peru,2019,26.526493
Peru,2020,21.195408
Peru,2021,22.636307
Peru,2022,23.31119
Peru,2023,23.622488
Philippines,1985,8.089349
Philippines,1988,8.787779
Philippines,1991,9.5066
Philippines,1994,9.711518
Philippines,1997,12.103207
Philippines,2000,11.312969
Philippines,2003,11.781118
Philippines,2006,12.205307
Philippines,2009,12.686871
Philippines,2012,12.456966
Philippines,2015,12.957825
Philippines,2018,13.0303335
Philippines,2021,12.038757
Philippines,2023,12.074234
Poland,1985,22.913446
Poland,1986,24.3939
Poland,1987,23.511124
Poland,1989,34.290855
Poland,1992,27.198826
Poland,1995,23.192675
Poland,1999,27.269445
Poland,2004,31.644667
Poland,2005,33.426884
Poland,2006,34.42682
Poland,2007,38.10433
Poland,2008,40.38124
Poland,2009,41.68083
Poland,2010,42.045647
Poland,2011,43.09872
Poland,2012,42.948162
Poland,2013,43.47699
Poland,2014,45.044144
Poland,2015,46.64206
Poland,2016,49.467037
Poland,2017,50.563366
Poland,2018,53.52137
Poland,2019,58.035084
Poland,2020,59.04327
Poland,2021,63.390335
Poland,2022,63.71951
Portugal,2003,57.811306
Portugal,2004,58.796562
Portugal,2005,58.340717
Portugal,2006,58.90704
Portugal,2007,57.054565
Portugal,2008,55.317837
Portugal,2009,58.214092
Portugal,2010,55.775513
Portugal,2011,54.052597
Portugal,2012,51.56785
Portugal,2013,52.080627
Portugal,2014,51.676937
Portugal,2015,54.41624
Portugal,2016,54.91752
Portugal,2017,54.481663
Portugal,2018,57.047264
Portugal,2019,61.013527
Portugal,2020,65.478775
Portugal,2021,65.39417
Portugal,2022,67.51777
Qatar,2017,167.60905
Romania,1989,26.330809
Romania,1992,18.135101
Romania,1994,7.9071627
Romania,1995,15.03242
Romania,1997,13.792973
Romania,2006,18.079395
Romania,2007,19.427477
Romania,2008,21.467482
Romania,2009,21.798141
Romania,2010,21.136904
Romania,2011,20.18483
Romania,2012,20.244558
Romania,2013,20.210249
Romania,2014,20.985163
Romania,2015,22.368042
Romania,2016,25.047253
Romania,2017,32.30821
Romania,2018,36.38319
Romania,2019,39.081493
Romania,2020,43.315845
Romania,2021,46.783592
Romania,2022,47.119358
Russia,1993,26.301413
Russia,1996,25.752733
Russia,1997,22.976545
Russia,1998,21.106148
Russia,1999,16.753082
Russia,2000,18.392496
Russia,2001,20.516768
Russia,2002,22.889492
Russia,2003,26.501368
Russia,2004,28.299318
Russia,2005,31.64038
Russia,2006,34.762398
Russia,2007,41.076775
Russia,2008,43.925125
Russia,2009,41.782413
Russia,2010,44.17246
Russia,2011,45.9791
Russia,2012,47.680687
Russia,2013,48.666122
Russia,2014,45.898056
Russia,2015,43.112465
Russia,2016,41.92096
Russia,2017,41.673775
Russia,2018,41.294945
Russia,2019,42.079643
Russia,2020,39.948223
Rwanda,2000,3.7738943
Rwanda,2005,4.9641194
Rwanda,2010,5.2637815
Rwanda,2013,5.5719748
Rwanda,2016,5.917746
Rwanda (rural),1984,3.868968
Saint Lucia,1995,6.971026
Saint Lucia,2015,41.36652
Samoa,2002,19.055529
Samoa,2008,19.994488
Samoa,2013,18.671015
Sao Tome and Principe,2000,7.4280295
Sao Tome and Principe,2010,6.763244
Sao Tome and Principe,2017,9.9522295
Senegal,1991,4.5242367
Senegal,1994,4.3890886
Senegal,2001,5.299502
Senegal,2005,6.287736
Senegal,2011,6.4945846
Senegal,2018,10.9266405
Senegal,2021,10.409217
Serbia,2012,27.128891
Serbia,2013,24.247854
Serbia,2014,24.366907
Serbia,2015,24.355167
Serbia,2016,25.433668
Serbia,2017,24.88985
Serbia,2018,28.162724
Serbia,2019,30.75634
Serbia,2020,31.845028
Serbia,2021,32.46365
Serbia,2022,34.18615
Seychelles,1999,34.53531
Seychelles,2006,33.608746
Seychelles,2013,38.887352
Seychelles,2018,38.54505
Sierra Leone,2003,4.8960524
Sierra Leone,2011,5.915433
Sierra Leone,2018,6.869121
Slovakia,1992,21.833294
Slovakia,1996,24.160425
Slovakia,2004,25.10031
Slovakia,2005,28.051859
Slovakia,2006,30.808195
Slovakia,2007,32.259968
Slovakia,2008,34.92399
Slovakia,2009,36.83974
Slovakia,2010,37.590714
Slovakia,2011,39.479652
Slovakia,2012,35.685944
Slovakia,2013,36.55975
Slovakia,2014,34.941525
Slovakia,2015,35.36408
Slovakia,2016,35.96235
Slovakia,2017,36.727676
Slovakia,2018,39.186005
Slovakia,2019,39.492428
Slovakia,2020,38.883423
Slovakia,2021,38.340294
Slovakia,2022,34.640278
Slovenia,1987,59.54595
Slovenia,1993,37.399326
Slovenia,1997,41.204823
Slovenia,1999,41.432274
Slovenia,2004,52.16646
Slovenia,2005,53.7624
Slovenia,2006,55.891926
Slovenia,2007,58.711605
Slovenia,2008,59.30413
Slovenia,2009,61.62826
Slovenia,2010,61.151337
Slovenia,2011,60.387245
Slovenia,2012,58.44645
Slovenia,2013,58.83707
Slovenia,2014,59.801025
Slovenia,2015,59.649685
Slovenia,2016,61.520065
Slovenia,2017,62.175495
Slovenia,2018,65.81938
Slovenia,2019,66.45679
Slovenia,2020,69.87498
Slovenia,2021,74.99326
Slovenia,2022,74.53002
Solomon Islands,2005,6.4337764
Solomon Islands,2012,7.295209
South Africa,1993,17.949306
South Africa,2000,15.156794
South Africa,2005,23.822506
South Africa,2008,30.43611
South Africa,2010,32.28322
South Africa,2014,30.071733
South Asia (PIP),1990,5.5
South Asia (PIP),1991,5.55
South Asia (PIP),1992,5.65
South Asia (PIP),1993,5.7
South Asia (PIP),1994,5.8
South Asia (PIP),1995,5.85
South Asia (PIP),1996,5.9
South Asia (PIP),1997,5.95
South Asia (PIP),1998,6
South Asia (PIP),1999,6.05
South Asia (PIP),2000,6.05
South Asia (PIP),2001,6.05
South Asia (PIP),2002,6.05
South Asia (PIP),2003,6.15
South Asia (PIP),2004,6.3
South Asia (PIP),2005,6.4
South Asia (PIP),2006,6.6
South Asia (PIP),2007,6.75
South Asia (PIP),2008,6.85
South Asia (PIP),2009,6.95
South Asia (PIP),2010,7.3
South Asia (PIP),2011,7.6
South Asia (PIP),2012,7.9
South Asia (PIP),2013,8.1
South Asia (PIP),2014,8.35
South Asia (PIP),2015,8.65
South Asia (PIP),2016,9
South Asia (PIP),2017,9.25
South Asia (PIP),2018,9.55
South Asia (PIP),2019,9.7
South Asia (PIP),2020,9.5
South Asia (PIP),2021,9.8
South Asia (PIP),2022,10.2
South Asia (PIP),2023,10.5
South Asia (PIP),2024,10.9
South Asia (PIP),2025,11.3
South Korea,2006,61.895393
South Korea,2008,64.57002
South Korea,2010,65.49198
South Korea,2012,68.36706
South Korea,2014,71.73552
South Korea,2016,87.93058
South Korea,2017,91.01595
South Korea,2018,93.523766
South Korea,2019,95.837555
South Korea,2020,97.498985
South Korea,2021,104.326935
South Sudan,2009,9.385375
South Sudan,2016,4.2455196
Spain,1980,37.442215
Spain,1985,36.81645
Spain,1990,46.299126
Spain,1993,54.52621
Spain,1994,54.37688
Spain,1995,53.803493
Spain,1996,55.678185
Spain,1997,55.82056
Spain,1998,59.476566
Spain,1999,65.301506
Spain,2000,68.265114
Spain,2003,66.41167
Spain,2004,68.48262
Spain,2005,69.99256
Spain,2006,71.10176
Spain,2007,85.10352
Spain,2008,86.39207
Spain,2009,88.12908
Spain,2010,83.246704
Spain,2011,80.87918
Spain,2012,77.097824
Spain,2013,76.09795
Spain,2014,75.37071
Spain,2015,77.79734
Spain,2016,80.96908
Spain,2017,80.50419
Spain,2018,80.69403
Spain,2019,83.7333
Spain,2020,85.76442
Spain,2021,86.82085
Spain,2022,87.01539
Sri Lanka,1985,7.451496
Sri Lanka,1990,7.5762095
Sri Lanka,1995,8.877909
Sri Lanka,2002,10.6934395
Sri Lanka,2006,12.415811
Sri Lanka,2009,11.998703
Sri Lanka,2012,13.930769
Sri Lanka,2016,16.073626
Sri Lanka,2019,16.4336
Sub-Saharan Africa (PIP),1990,8.15
Sub-Saharan Africa (PIP),1991,8
Sub-Saharan Africa (PIP),1992,7.85
Sub-Saharan Africa (PIP),1993,7.55
Sub-Saharan Africa (PIP),1994,7.5
Sub-Saharan Africa (PIP),1995,7.55
Sub-Saharan Africa (PIP),1996,7.7
Sub-Saharan Africa (PIP),1997,7.75
Sub-Saharan Africa (PIP),1998,7.65
Sub-Saharan Africa (PIP),1999,7.55
Sub-Saharan Africa (PIP),2000,7.5
Sub-Saharan Africa (PIP),2001,7.55
Sub-Saharan Africa (PIP),2002,7.6
Sub-Saharan Africa (PIP),2003,7.6
Sub-Saharan Africa (PIP),2004,7.8
Sub-Saharan Africa (PIP),2005,7.95
Sub-Saharan Africa (PIP),2006,8.25
Sub-Saharan Africa (PIP),2007,8.4
Sub-Saharan Africa (PIP),2008,8.6
Sub-Saharan Africa (PIP),2009,8.7
Sub-Saharan Africa (PIP),2010,8.9
Sub-Saharan Africa (PIP),2011,8.95
Sub-Saharan Africa (PIP),2012,9.1
Sub-Saharan Africa (PIP),2013,9.2
Sub-Saharan Africa (PIP),2014,9.4
Sub-Saharan Africa (PIP),2015,9.4
Sub-Saharan Africa (PIP),2016,9.4
Sub-Saharan Africa (PIP),2017,9.4
Sub-Saharan Africa (PIP),2018,9.35
Sub-Saharan Africa (PIP),2019,9.25
Sub-Saharan Africa (PIP),2020,8.9
Sub-Saharan Africa (PIP),2021,8.9
Sub-Saharan Africa (PIP),2022,8.95
Sub-Saharan Africa (PIP),2023,8.95
Sub-Saharan Africa (PIP),2024,9
Sub-Saharan Africa (PIP),2025,9.1
Sudan,2009,8.468774
Sudan,2014,7.7871337
Suriname,2022,30.639736
Suriname (urban),1999,28.914488
Sweden,1975,45.116486
Sweden,1981,46.190872
Sweden,1987,48.786453
Sweden,1992,59.42195
Sweden,1995,55.56328
Sweden,2000,65.28845
Sweden,2001,68.35411
Sweden,2002,69.68952
Sweden,2003,63.906277
Sweden,2004,65.7219
Sweden,2005,66.735016
Sweden,2006,70.3612
Sweden,2007,75.08123
Sweden,2008,77.40924
Sweden,2009,78.81964
Sweden,2010,80.966805
Sweden,2011,81.25571
Sweden,2012,83.31766
Sweden,2013,85.87049
Sweden,2014,87.86638
Sweden,2015,90.436455
Sweden,2016,91.30372
Sweden,2017,91.28419
Sweden,2018,92.883514
Sweden,2019,95.19741
Sweden,2020,96.873116
Sweden,2021,98.045006
Sweden,2022,95.204
Switzerland,1982,124.66548
Switzerland,1992,117.77756
Switzerland,2000,119.34167
Switzerland,2002,125.70536
Switzerland,2004,119.413155
Switzerland,2006,126.314705
Switzerland,2007,128.49545
Switzerland,2008,127.49418
Switzerland,2009,126.70541
Switzerland,2010,125.72489
Switzerland,2011,129.50264
Switzerland,2012,129.13828
Switzerland,2013,131.23318
Switzerland,2014,132.68332
Switzerland,2015,132.54346
Switzerland,2016,135.4625
Switzerland,2017,136.23955
Switzerland,2018,131.39348
Switzerland,2019,137.35811
Switzerland,2020,137.64322
Switzerland,2021,138.98984
Syria,1996,12.955157
Syria,2003,17.079311
Syria,2006,18.577274
Syria,2009,18.02731
Syria,2022,5.529915
Taiwan,1981,28.530766
Taiwan,1986,37.292915
Taiwan,1991,62.793114
Taiwan,1995,74.57106
Taiwan,1997,78.45275
Taiwan,2000,82.92828
Taiwan,2005,84.02354
Taiwan,2007,81.065506
Taiwan,2010,75.131485
Taiwan,2013,75.227875
Taiwan,2016,79.06031
Taiwan,2017,80.83913
Taiwan,2018,81.12054
Taiwan,2019,83.71391
Taiwan,2020,86.68545
Taiwan,2021,85.94091
Tajikistan,1999,3.6132562
Tajikistan,2003,5.504376
Tajikistan,2004,7.6311684
Tajikistan,2007,7.8918247
Tajikistan,2009,9.604398
Tajikistan,2015,11.471678
Tanzania,1991,3.7099464
Tanzania,2000,2.6648073
Tanzania,2007,4.860538
Tanzania,2011,5.6152673
Tanzania,2018,5.988662
Thailand,1981,11.065082
Thailand,1988,11.17513
Thailand,1990,12.98837
Thailand,1992,16.031221
Thailand,1994,15.739725
Thailand,1996,17.363842
Thailand,1998,17.8588
Thailand,1999,17.10648
Thailand,2000,16.71026
Thailand,2002,18.332603
Thailand,2004,20.524666
Thailand,2006,23.74718
Thailand,2007,23.253607
Thailand,2008,24.803698
Thailand,2009,25.227217
Thailand,2010,26.142334
Thailand,2011,25.451937
Thailand,2012,28.446846
Thailand,2013,28.538786
Thailand,2014,28.43681
Thailand,2015,29.02833
Thailand,2016,29.495632
Thailand,2017,29.760817
Thailand,2018,29.875153
Thailand,2019,29.175234
Thailand,2020,29.983973
Thailand,2021,30.265888
Thailand,2022,30.707363
Thailand,2023,30.975418
Togo,2006,5.1129527
Togo,2011,5.5307536
Togo,2015,5.517644
Togo,2018,8.948533
Togo,2021,7.817502
Tonga,2000,21.144781
Tonga,2009,19.918512
Tonga,2015,14.48633
Tonga,2021,18.650984
Trinidad and Tobago,1988,38.049698
Trinidad and Tobago,1992,25.440033
Tunisia,1985,13.085892
Tunisia,1990,14.241278
Tunisia,1995,14.885503
Tunisia,2000,17.119911
Tunisia,2005,18.50518
Tunisia,2010,24.528559
Tunisia,2015,24.296825
Tunisia,2021,24.83766
Turkey,1987,18.90639
Turkey,1994,19.783022
Turkey,2002,21.77577
Turkey,2003,20.825384
Turkey,2004,25.687937
Turkey,2005,26.745426
Turkey,2006,26.884584
Turkey,2007,28.727013
Turkey,2008,31.022589
Turkey,2009,31.566896
Turkey,2010,31.23399
Turkey,2011,35.577095
Turkey,2012,37.069397
Turkey,2013,37.823788
Turkey,2014,40.117676
Turkey,2015,39.356564
Turkey,2016,42.750347
Turkey,2017,44.975666
Turkey,2018,45.89786
Turkey,2019,47.36715
Turkey,2020,47.482666
Turkey,2021,50.506084
Turkey,2022,54.703182
Turkmenistan,1998,6.422566
Tuvalu,2010,15.396246
Uganda,1989,5.0404425
Uganda,1992,4.0013585
Uganda,1996,4.1787224
Uganda,1999,4.0225677
Uganda,2002,4.566686
Uganda,2005,5.18383
Uganda,2009,6.461125
Uganda,2012,7.0801578
Uganda,2016,6.8566213
Uganda,2019,6.4376006
Ukraine,1992,12.05049
Ukraine,1993,11.953168
Ukraine,1995,13.716445
Ukraine,1996,11.055136
Ukraine,2002,11.470723
Ukraine,2003,12.835404
Ukraine,2004,14.227832
Ukraine,2005,17.188337
Ukraine,2006,18.347185
Ukraine,2007,17.046053
Ukraine,2008,19.37865
Ukraine,2009,17.74923
Ukraine,2010,18.76047
Ukraine,2011,19.108685
Ukraine,2012,20.26407
Ukraine,2013,21.060156
Ukraine,2014,20.256275
Ukraine,2015,18.462105
Ukraine,2016,18.433218
Ukraine,2017,20.740131
Ukraine,2018,21.724663
Ukraine,2019,24.283648
Ukraine,2020,22.899817
United Arab Emirates,2013,135.37778
United Arab Emirates,2018,125.70738
United Kingdom,1968,33.627724
United Kingdom,1969,34.23577
United Kingdom,1970,35.83342
United Kingdom,1971,36.050583
United Kingdom,1972,37.823475
United Kingdom,1973,41.05888
United Kingdom,1974,40.86945
United Kingdom,1975,38.66776
United Kingdom,1976,37.776337
United Kingdom,1977,36.51765
United Kingdom,1978,39.569466
United Kingdom,1979,41.253246
United Kingdom,1980,42.340195
United Kingdom,1981,42.743637
United Kingdom,1982,47.607834
United Kingdom,1983,45.542686
United Kingdom,1984,46.117065
United Kingdom,1985,48.996708
United Kingdom,1986,51.61246
United Kingdom,1987,56.916862
United Kingdom,1988,61.1503
United Kingdom,1989,61.241673
United Kingdom,1990,65.5604
United Kingdom,1991,66.910965
United Kingdom,1992,64.75263
United Kingdom,1993,62.953484
United Kingdom,1994,68.91939
United Kingdom,1995,69.96917
United Kingdom,1996,71.62753
United Kingdom,1997,74.07003
United Kingdom,1998,78.100655
United Kingdom,1999,79.406334
United Kingdom,2000,83.95896
United Kingdom,2001,88.0597
United Kingdom,2002,84.7679
United Kingdom,2003,86.48005
United Kingdom,2004,89.00743
United Kingdom,2005,90.96893
United Kingdom,2006,92.753
United Kingdom,2007,94.06852
United Kingdom,2008,94.791306
United Kingdom,2009,93.75522
United Kingdom,2010,90.86036
United Kingdom,2011,88.55306
United Kingdom,2012,90.277664
United Kingdom,2013,89.59553
United Kingdom,2014,92.09198
United Kingdom,2015,93.0747
United Kingdom,2016,93.509346
United Kingdom,2017,93.1627
United Kingdom,2018,96.23053
United Kingdom,2019,95.918076
United Kingdom,2020,96.54078
United Kingdom,2021,94.899864
United States,1963,68.52644
United States,1964,72.86613
United States,1965,76.26666
United States,1966,77.40057
United States,1967,80.859406
United States,1968,82.51191
United States,1969,84.82168
United States,1970,86.4755
United States,1971,88.73103
United States,1972,94.39434
United States,1973,95.43625
United States,1974,91.558075
United States,1975,91.74784
United States,1976,94.8769
United States,1977,93.5202
United States,1978,94.179245
United States,1979,97.32679
United States,1980,92.72051
United States,1981,91.9912
United States,1982,94.60502
United States,1983,98.86274
United States,1984,102.89322
United States,1985,105.01381
United States,1986,107.8616
United States,1987,110.55649
United States,1988,112.75081
United States,1989,114.02225
United States,1990,111.283195
United States,1991,110.13389
United States,1992,111.236404
United States,1993,112.03469
United States,1994,113.47318
United States,1995,114.83607
United States,1996,116.25602
United States,1997,119.478775
United States,1998,122.18034
United States,1999,124.784386
United States,2000,125.368805
United States,2001,125.03333
United States,2002,127.13529
United States,2003,131.01677
United States,2004,127.33436
United States,2005,131.03568
United States,2006,132.68806
United States,2007,133.93173
United States,2008,129.56897
United States,2009,131.216
United States,2010,131.1365
United States,2011,132.67915
United States,2012,132.81111
United States,2013,132.43884
United States,2014,136.37465
United States,2015,139.74733
United States,2016,145.16846
United States,2017,148.54224
United States,2018,153.60008
United States,2019,164.68558
United States,2020,166.4646
United States,2021,165.0309
United States,2022,157.6159
United States,2023,162.87958
Uruguay,2006,38.678715
Uruguay,2007,41.989765
Uruguay,2008,45.67424
Uruguay,2009,48.81825
Uruguay,2010,49.004307
Uruguay,2011,51.78742
Uruguay,2012,51.79955
Uruguay,2013,53.050358
Uruguay,2014,55.741875
Uruguay,2015,56.3926
Uruguay,2016,54.982883
Uruguay,2017,56.829372
Uruguay,2018,56.207157
Uruguay,2019,55.232395
Uruguay,2020,51.564365
Uruguay,2021,51.362293
Uruguay,2022,53.948948
Uruguay,2023,54.300243
Uruguay (urban),1981,38.97698
Uruguay (urban),1989,41.069176
Uruguay (urban),1992,43.896317
Uruguay (urban),1995,45.17105
Uruguay (urban),1996,44.144352
Uruguay (urban),1997,44.24373
Uruguay (urban),1998,48.0021
Uruguay (urban),2000,46.507988
Uruguay (urban),2001,47.953194
Uruguay (urban),2002,42.73299
Uruguay (urban),2003,35.360016
Uruguay (urban),2004,35.80295
Uruguay (urban),2005,36.99003
Uzbekistan,2021,23.347225
Uzbekistan,2022,24.087793
Uzbekistan,2023,31.514687
Vanuatu,2010,9.606203
Vanuatu,2019,9.362888
Venezuela,1981,34.8391
Venezuela,1987,32.41197
Venezuela,1989,25.491995
Venezuela,1992,23.435095
Venezuela,1995,19.496866
Venezuela,1998,21.08449
Venezuela,1999,18.90227
Venezuela,2001,20.013277
Venezuela,2002,16.71952
Venezuela,2003,14.148782
Venezuela,2004,15.862229
Venezuela,2005,19.087372
Venezuela,2006,23.089298
Vietnam,1992,5.600564
Vietnam,1997,7.1862807
Vietnam,2002,7.2761607
Vietnam,2004,8.516979
Vietnam,2006,9.193583
Vietnam,2008,9.948429
Vietnam,2010,17.721642
Vietnam,2012,17.842934
Vietnam,2014,18.570715
Vietnam,2016,21.568453
Vietnam,2018,24.314356
Vietnam,2020,27.282013
Vietnam,2022,25.071222
Western and Central Africa (PIP),1990,7.25
Western and Central Africa (PIP),1991,7.15
Western and Central Africa (PIP),1992,7.1
Western and Central Africa (PIP),1993,7
Western and Central Africa (PIP),1994,6.9
Western and Central Africa (PIP),1995,6.9
Western and Central Africa (PIP),1996,6.95
Western and Central Africa (PIP),1997,6.95
Western and Central Africa (PIP),1998,6.9
Western and Central Africa (PIP),1999,6.9
Western and Central Africa (PIP),2000,6.85
Western and Central Africa (PIP),2001,6.95
Western and Central Africa (PIP),2002,7.15
Western and Central Africa (PIP),2003,7.2
Western and Central Africa (PIP),2004,7.45
Western and Central Africa (PIP),2005,7.55
Western and Central Africa (PIP),2006,7.7
Western and Central Africa (PIP),2007,7.85
Western and Central Africa (PIP),2008,8.05
Western and Central Africa (PIP),2009,8.2
Western and Central Africa (PIP),2010,8.45
Western and Central Africa (PIP),2011,8.5
Western and Central Africa (PIP),2012,8.75
Western and Central Africa (PIP),2013,9
Western and Central Africa (PIP),2014,9.3
Western and Central Africa (PIP),2015,9.3
Western and Central Africa (PIP),2016,9.35
Western and Central Africa (PIP),2017,9.5
Western and Central Africa (PIP),2018,9.65
Western and Central Africa (PIP),2019,9.75
Western and Central Africa (PIP),2020,9.45
Western and Central Africa (PIP),2021,9.5
Western and Central Africa (PIP),2022,9.55
Western and Central Africa (PIP),2023,9.65
Western and Central Africa (PIP),2024,9.75
Western and Central Africa (PIP),2025,9.9
World,1990,37.3
World,1991,37.3
World,1992,37.1
World,1993,36.7
World,1994,37.2
World,1995,37.8
World,1996,38.1
World,1997,38.4
World,1998,39
World,1999,39.2
World,2000,40.1
World,2001,40.3
World,2002,40.8
World,2003,41.3
World,2004,41.9
World,2005,42.5
World,2006,43.3
World,2007,44.9
World,2008,44.9
World,2009,44.7
World,2010,44.7
World,2011,44.5
World,2012,44.7
World,2013,44.8
World,2014,45
World,2015,46.1
World,2016,47.2
World,2017,47.7
World,2018,48.3
World,2019,49.5
World,2020,50.3
World,2021,52.2
World,2022,52
World,2023,53
World,2024,53.7
World,2025,54.1
World (excluding China),1990,
World (excluding China),1991,
World (excluding China),1992,
World (excluding China),1993,
World (excluding China),1994,
World (excluding China),1995,
World (excluding China),1996,
World (excluding China),1997,
World (excluding China),1998,
World (excluding China),1999,
World (excluding China),2000,
World (excluding China),2001,
World (excluding China),2002,
World (excluding China),2003,
World (excluding China),2004,
World (excluding China),2005,
World (excluding China),2006,
World (excluding China),2007,
World (excluding China),2008,
World (excluding China),2009,
World (excluding China),2010,
World (excluding China),2011,
World (excluding China),2012,
World (excluding China),2013,
World (excluding China),2014,
World (excluding China),2015,
World (excluding China),2016,
World (excluding China),2017,
World (excluding China),2018,
World (excluding China),2019,
World (excluding China),2020,
World (excluding China),2021,
World (excluding China),2022,
World (excluding China),2023,
World (excluding China),2024,
World (excluding China),2025,
World (excluding India),1990,
World (excluding India),1991,
World (excluding India),1992,
World (excluding India),1993,
World (excluding India),1994,
World (excluding India),1995,
World (excluding India),1996,
World (excluding India),1997,
World (excluding India),1998,
World (excluding India),1999,
World (excluding India),2000,
World (excluding India),2001,
World (excluding India),2002,
World (excluding India),2003,
World (excluding India),2004,
World (excluding India),2005,
World (excluding India),2006,
World (excluding India),2007,
World (excluding India),2008,
World (excluding India),2009,
World (excluding India),2010,
World (excluding India),2011,
World (excluding India),2012,
World (excluding India),2013,
World (excluding India),2014,
World (excluding India),2015,
World (excluding India),2016,
World (excluding India),2017,
World (excluding India),2018,
World (excluding India),2019,
World (excluding India),2020,
World (excluding India),2021,
World (excluding India),2022,
World (excluding India),2023,
World (excluding India),2024,
World (excluding India),2025,
Yemen,1998,11.307231
Yemen,2005,8.839294
Yemen,2014,8.233037
Zambia,1991,7.3286624
Zambia,1993,6.110748
Zambia,1996,7.2774625
Zambia,1998,7.1013517
Zambia,2002,4.936567
Zambia,2004,5.997922
Zambia,2006,5.6330433
Zambia,2010,5.6645203
Zambia,2015,6.3408227
Zambia,2022,5.521024
Zimbabwe,2011,9.508967
Zimbabwe,2017,8.813474
Zimbabwe,2019,9.015284